Day of the Week,Start Time,Price Open,Price Close,Price High,Price Low,Volume Traded,Trade Count
,2018-09-07 00:00:00+00:00,43.92,43.57,43.99,43.2,52.81556576,6
,2018-09-08 00:00:00+00:00,45.0,44.99,47.68,41.39,128.97727813,59
,2018-09-09 00:00:00+00:00,42.9,43.0,45.66,42.14,665.17799669,116
,2018-09-10 00:00:00+00:00,43.98,41.1,43.99,40.88,124.57959156,64
,2018-09-11 00:00:00+00:00,41.48,39.87,41.67,39.0,462.01631978,71
,2018-09-12 00:00:00+00:00,39.88,39.8,39.88,36.68,1128.21544217,90
,2018-09-13 00:00:00+00:00,39.8,42.27,42.3,39.8,1561.20196396,91
,2018-09-14 00:00:00+00:00,42.2,44.87,45.4,40.54,709.6478911,125
,2018-09-15 00:00:00+00:00,43.88,45.96,46.98,42.97,348.867384,122
,2018-09-16 00:00:00+00:00,45.96,43.91,45.96,42.43,533.63907823,134
,2018-09-17 00:00:00+00:00,44.98,40.09,44.99,39.41,845.80960484,485
,2018-09-18 00:00:00+00:00,39.86,41.18,42.4,38.86,963.62434862,248
,2018-09-19 00:00:00+00:00,41.99,41.52,42.98,39.4,1222.30995301,383
,2018-09-20 00:00:00+00:00,41.25,43.01,43.48,40.5,2029.19886692,653
,2018-09-21 00:00:00+00:00,43.13,46.38,48.39,42.64,4470.90419327,1139
,2018-09-22 00:00:00+00:00,47.4,46.78,47.99,43.73,1442.82039052,588
,2018-09-23 00:00:00+00:00,46.17,47.52,49.0,46.01,2311.74578747,629
,2018-09-24 00:00:00+00:00,47.13,44.58,47.47,43.68,2510.80170282,724
,2018-09-25 00:00:00+00:00,44.27,43.56,44.65,41.53,3570.5984116,1174
,2018-09-26 00:00:00+00:00,43.59,43.93,45.5,43.1,3379.12991205,1296
,2018-09-27 00:00:00+00:00,43.88,48.31,50.1,43.4,7061.1498913,1912
,2018-09-28 00:00:00+00:00,48.56,49.13,49.59,46.64,4046.91725695,1715
,2018-09-29 00:00:00+00:00,49.18,48.3,49.39,45.43,3178.70801096,1564
,2018-09-30 00:00:00+00:00,48.09,47.0,48.4,46.0,3685.68301369,1062
,2018-10-01 00:00:00+00:00,47.13,46.55,47.8,45.4,3344.25694582,1361
,2018-10-02 00:00:00+00:00,46.67,46.12,47.48,45.78,2590.48068789,975
,2018-10-03 00:00:00+00:00,45.93,44.47,45.97,43.94,4901.18933092,1028
,2018-10-04 00:00:00+00:00,44.7,44.85,45.84,44.23,2547.81361673,816
,2018-10-05 00:00:00+00:00,44.75,45.8,45.99,43.9,3740.92975076,920
,2018-10-06 00:00:00+00:00,45.2,45.48,45.9,43.51,2729.04187789,933
,2018-10-07 00:00:00+00:00,45.48,44.4,46.2,43.91,1931.29253454,764
,2018-10-08 00:00:00+00:00,44.52,45.47,45.93,44.04,2615.1555862,999
,2018-10-09 00:00:00+00:00,45.44,44.8,45.84,44.37,1943.53813653,770
,2018-10-10 00:00:00+00:00,44.77,43.93,45.13,43.24,2521.22674218,732
,2018-10-11 00:00:00+00:00,43.92,38.58,43.92,38.0,10546.52633463,2025
,2018-10-12 00:00:00+00:00,38.48,41.14,41.99,38.3,4128.51191423,1048
,2018-10-13 00:00:00+00:00,41.16,41.61,41.94,40.62,2675.10028537,739
,2018-10-14 00:00:00+00:00,41.99,40.06,41.99,39.25,2087.06057148,729
,2018-10-15 00:00:00+00:00,40.04,41.2,43.6,39.02,5306.50525816,1224
,2018-10-16 00:00:00+00:00,41.07,40.51,41.35,40.06,3780.95414041,989
,2018-10-17 00:00:00+00:00,40.53,40.71,41.85,40.06,3183.78416455,984
,2018-10-18 00:00:00+00:00,40.68,40.04,40.82,39.4,3164.66292386,834
,2018-10-19 00:00:00+00:00,40.12,40.72,41.46,39.7,2960.27489657,1019
,2018-10-20 00:00:00+00:00,40.62,41.5,41.72,40.06,1359.54229276,788
,2018-10-21 00:00:00+00:00,41.48,40.52,41.48,40.33,1639.36003665,626
,2018-10-22 00:00:00+00:00,40.55,40.62,40.98,40.05,2406.24166068,663
,2018-10-23 00:00:00+00:00,40.68,40.9,40.95,40.06,2298.63792531,817
,2018-10-24 00:00:00+00:00,40.9,40.64,41.27,40.34,3442.2446965,901
,2018-10-25 00:00:00+00:00,40.54,40.7,41.08,40.23,1735.50223955,814
,2018-10-26 00:00:00+00:00,40.72,41.03,41.29,40.46,3582.57090812,984
,2018-10-27 00:00:00+00:00,41.03,41.39,41.39,40.75,955.2210605,664
,2018-10-28 00:00:00+00:00,41.4,40.94,41.49,40.4,2657.55345344,661
,2018-10-29 00:00:00+00:00,40.93,38.8,40.98,37.0,4827.02516108,1250
,2018-10-30 00:00:00+00:00,38.51,39.3,39.49,38.51,2817.78459835,1021
,2018-10-31 00:00:00+00:00,39.29,39.39,39.79,38.14,2084.22258863,992
,2018-11-01 00:00:00+00:00,39.5,39.36,39.75,38.58,1652.84788695,949
,2018-11-02 00:00:00+00:00,39.36,40.8,40.8,39.16,2550.17465434,1137
,2018-11-03 00:00:00+00:00,40.8,40.4,40.92,39.84,1725.18027217,1455
,2018-11-04 00:00:00+00:00,40.4,42.2,43.7,39.91,4254.20454214,1126
,2018-11-05 00:00:00+00:00,42.18,41.39,42.51,40.85,3164.91581076,1116
,2018-11-06 00:00:00+00:00,41.7,43.07,43.38,41.36,4148.04948,1448
,2018-11-07 00:00:00+00:00,42.94,41.37,43.42,41.0,3433.09026371,1240
,2018-11-08 00:00:00+00:00,41.46,39.91,42.12,39.64,4020.96894494,1027
,2018-11-09 00:00:00+00:00,40.08,40.11,40.7,39.55,2792.94850882,1022
,2018-11-10 00:00:00+00:00,40.11,40.43,41.08,39.93,1743.26741421,985
,2018-11-11 00:00:00+00:00,40.47,39.97,40.96,38.76,3439.21699009,995
,2018-11-12 00:00:00+00:00,39.82,39.61,40.0,39.12,2043.00764848,807
,2018-11-13 00:00:00+00:00,39.7,38.14,39.87,37.57,4179.03670233,1085
,2018-11-14 00:00:00+00:00,38.13,33.85,39.63,31.49,11967.99997772,2641
,2018-11-15 00:00:00+00:00,33.86,34.22,34.98,31.22,8031.89559926,1898
,2018-11-16 00:00:00+00:00,34.32,33.34,34.59,32.9,3841.43259052,1136
,2018-11-17 00:00:00+00:00,33.38,33.86,33.98,32.8,2465.02313809,802
,2018-11-18 00:00:00+00:00,33.86,33.3,33.87,32.8,2577.88192832,691
,2018-11-19 00:00:00+00:00,33.29,28.32,33.29,27.24,16843.26489659,3731
,2018-11-20 00:00:00+00:00,28.29,26.0,29.61,23.41,22601.21498549,4094
,2018-11-21 00:00:00+00:00,26.0,27.34,27.99,24.8,6832.5710587,1590
,2018-11-22 00:00:00+00:00,27.34,24.67,27.84,24.62,6637.10261353,1099
,2018-11-23 00:00:00+00:00,24.67,25.86,26.09,23.79,5843.18116309,1216
,2018-11-24 00:00:00+00:00,25.86,24.2,26.39,23.07,5542.87385848,1539
,2018-11-25 00:00:00+00:00,24.13,24.39,25.44,21.0,13781.74682505,2495
,2018-11-26 00:00:00+00:00,24.38,23.2,25.47,21.74,8142.00599761,1666
,2018-11-27 00:00:00+00:00,23.17,24.6,24.89,22.57,5764.11743422,1390
,2018-11-28 00:00:00+00:00,24.43,27.11,28.38,24.27,15852.7516435,2424
,2018-11-29 00:00:00+00:00,27.1,26.6,28.0,25.82,7905.56811977,1199
,2018-11-30 00:00:00+00:00,26.57,25.08,26.89,24.24,5360.87192772,1099
,2018-12-01 00:00:00+00:00,25.13,27.02,28.0,24.8,4070.99620939,1036
,2018-12-02 00:00:00+00:00,27.07,26.39,27.5,26.19,2198.78568796,734
,2018-12-03 00:00:00+00:00,26.52,24.3,26.52,23.5,6077.21244688,991
,2018-12-04 00:00:00+00:00,24.32,24.33,25.21,23.5,5806.58963222,815
,2018-12-05 00:00:00+00:00,24.4,22.84,24.59,22.66,6965.35102616,1107
,2018-12-06 00:00:00+00:00,22.79,21.25,23.95,20.5,8402.32923928,1385
,2018-12-07 00:00:00+00:00,20.92,20.26,21.25,17.58,21135.18330145,3644
,2018-12-08 00:00:00+00:00,20.04,19.69,32.52,18.55,8553.4057286,1796
,2018-12-09 00:00:00+00:00,19.5,20.18,21.16,19.25,7322.92142244,1151
,2018-12-10 00:00:00+00:00,20.2,19.36,20.28,18.79,4742.4168329,935
,2018-12-11 00:00:00+00:00,19.36,18.8,19.61,18.31,4493.46405755,922
,2018-12-12 00:00:00+00:00,18.75,19.22,19.86,18.62,7385.28888875,966
,2018-12-13 00:00:00+00:00,19.23,18.25,19.49,18.06,5911.30284072,920
,2018-12-14 00:00:00+00:00,18.29,18.58,18.81,17.82,7071.75444101,999
,2018-12-15 00:00:00+00:00,18.59,18.9,19.08,18.32,5171.95295903,1104
,2018-12-16 00:00:00+00:00,18.9,20.16,21.34,18.81,7412.88456824,1074
,2018-12-17 00:00:00+00:00,20.23,23.09,24.68,20.15,14958.84666366,1902
,2018-12-18 00:00:00+00:00,23.08,23.86,24.0,22.01,11080.83332896,1174
,2018-12-19 00:00:00+00:00,23.86,23.21,26.0,22.72,15875.5787542,1879
,2018-12-20 00:00:00+00:00,23.2,25.84,26.5,22.99,12005.83569086,1796
,2018-12-21 00:00:00+00:00,25.84,24.22,26.45,23.57,11123.13365314,1593
,2018-12-22 00:00:00+00:00,24.18,25.38,25.5,23.93,2588.30696262,709
,2018-12-23 00:00:00+00:00,25.39,26.55,27.81,25.39,9006.39198661,1225
,2018-12-24 00:00:00+00:00,26.49,26.68,28.99,26.01,9703.0160872,1469
,2018-12-25 00:00:00+00:00,26.56,24.99,26.68,23.92,5356.22678919,784
,2018-12-26 00:00:00+00:00,24.99,24.55,25.72,23.28,5607.38901913,774
,2018-12-27 00:00:00+00:00,24.52,22.16,24.93,22.01,5647.64619103,909
,2018-12-28 00:00:00+00:00,22.16,25.67,26.58,22.03,4852.96147836,1024
,2018-12-29 00:00:00+00:00,25.59,24.55,26.47,24.5,3087.79928939,887
,2018-12-30 00:00:00+00:00,24.52,25.35,25.7,24.14,2093.97053965,634
,2018-12-31 00:00:00+00:00,25.35,23.95,25.5,23.52,3220.46184146,605
,2019-01-01 00:00:00+00:00,23.97,25.16,25.41,23.61,1877.75857218,586
,2019-01-02 00:00:00+00:00,25.28,26.44,27.1,24.94,5024.46172787,970
,2019-01-03 00:00:00+00:00,26.65,25.21,26.66,24.78,3804.30370112,765
,2019-01-04 00:00:00+00:00,25.22,25.92,26.07,24.81,5540.75403282,597
,2019-01-05 00:00:00+00:00,25.72,27.74,28.72,25.68,8811.01201366,1164
,2019-01-06 00:00:00+00:00,27.52,30.98,31.84,27.23,14448.22641661,1414
,2019-01-07 00:00:00+00:00,31.19,29.75,31.25,29.29,6218.3742157,870
,2019-01-08 00:00:00+00:00,29.77,31.08,32.5,29.7,6972.84420608,1021
,2019-01-09 00:00:00+00:00,31.13,30.47,31.68,30.37,4526.96242964,675
,2019-01-10 00:00:00+00:00,30.47,26.58,30.85,25.47,13423.42410476,1411
,2019-01-11 00:00:00+00:00,26.58,25.02,26.86,24.84,7135.48256597,803
,2019-01-12 00:00:00+00:00,25.11,25.45,25.65,25.04,1660.47448674,545
,2019-01-13 00:00:00+00:00,25.39,23.71,26.0,23.45,4512.77765496,816
,2019-01-14 00:00:00+00:00,23.71,25.22,25.77,23.64,2669.77283731,622
,2019-01-15 00:00:00+00:00,25.09,24.36,25.57,23.88,3321.32555522,608
,2019-01-16 00:00:00+00:00,24.32,24.56,25.08,24.2,1975.79046482,466
,2019-01-17 00:00:00+00:00,24.51,24.48,24.86,23.44,2706.81345382,529
,2019-01-18 00:00:00+00:00,24.48,24.38,24.5,23.9,3121.39849118,516
,2019-01-19 00:00:00+00:00,24.38,25.23,25.75,24.18,3367.86797637,568
,2019-01-20 00:00:00+00:00,25.15,24.08,25.77,23.89,3609.47558783,592
,2019-01-21 00:00:00+00:00,24.08,24.17,24.35,23.87,2454.62361314,448
,2019-01-22 00:00:00+00:00,24.13,24.41,24.72,22.93,4481.4796002,641
,2019-01-23 00:00:00+00:00,24.39,24.33,24.79,24.16,2732.21485114,685
,2019-01-24 00:00:00+00:00,24.39,24.95,25.45,23.82,2299.3455185,506
,2019-01-25 00:00:00+00:00,25.0,24.94,25.25,24.3,3496.42152923,639
,2019-01-26 00:00:00+00:00,24.93,25.25,25.75,24.77,3129.44348365,767
,2019-01-27 00:00:00+00:00,25.12,24.69,25.39,23.93,5318.46704428,802
,2019-01-28 00:00:00+00:00,24.6,23.64,24.83,22.86,6762.78278878,915
,2019-01-29 00:00:00+00:00,23.65,23.64,23.82,22.92,2957.06191629,617
,2019-01-30 00:00:00+00:00,23.64,24.09,24.45,23.42,3041.90138633,661
,2019-01-31 00:00:00+00:00,24.18,23.89,24.59,23.61,4874.61990403,762
,2019-02-01 00:00:00+00:00,23.85,25.06,25.48,23.41,6067.67432574,839
,2019-02-02 00:00:00+00:00,25.02,26.37,26.89,24.73,4163.72277986,754
,2019-02-03 00:00:00+00:00,26.45,25.49,26.45,25.04,4005.87686837,664
,2019-02-04 00:00:00+00:00,25.3,25.91,26.22,25.3,3995.55261028,868
,2019-02-05 00:00:00+00:00,25.88,26.29,26.33,25.69,6835.03982766,1105
,2019-02-06 00:00:00+00:00,26.29,25.26,26.29,24.7,6351.79355259,932
,2019-02-07 00:00:00+00:00,25.22,25.32,25.79,25.14,3117.55165471,618
,2019-02-08 00:00:00+00:00,25.35,33.0,34.39,25.3,29587.64209209,3214
,2019-02-09 00:00:00+00:00,32.96,33.97,35.24,32.16,16884.35893898,2031
,2019-02-10 00:00:00+00:00,33.83,35.9,36.33,32.12,10995.40687798,1774
,2019-02-11 00:00:00+00:00,35.9,33.0,36.0,32.17,8770.82090793,1180
,2019-02-12 00:00:00+00:00,33.07,33.73,34.27,32.49,4379.97866869,902
,2019-02-13 00:00:00+00:00,33.91,32.2,34.24,31.19,4261.04990157,815
,2019-02-14 00:00:00+00:00,32.09,32.05,32.58,31.4,4151.65581812,773
,2019-02-15 00:00:00+00:00,32.12,32.79,34.45,31.95,7256.50597901,1017
,2019-02-16 00:00:00+00:00,32.8,33.81,34.0,32.65,4058.09458439,812
,2019-02-17 00:00:00+00:00,33.81,33.76,34.73,33.17,5589.61311551,737
,2019-02-18 00:00:00+00:00,33.73,36.74,37.85,33.62,13989.44356932,1728
,2019-02-19 00:00:00+00:00,36.95,36.1,37.73,36.0,11240.32540795,1286
,2019-02-20 00:00:00+00:00,36.0,39.14,39.95,35.34,11291.40693861,1768
,2019-02-21 00:00:00+00:00,39.28,37.15,39.39,36.39,9808.57651418,1148
,2019-02-22 00:00:00+00:00,37.21,37.88,38.14,36.63,6679.71690365,1031
,2019-02-23 00:00:00+00:00,37.85,39.65,39.92,36.94,10184.94020516,1194
,2019-02-24 00:00:00+00:00,39.63,33.6,40.91,33.07,19449.47879712,2311
,2019-02-25 00:00:00+00:00,33.64,34.75,35.87,33.56,9326.35238435,1170
,2019-02-26 00:00:00+00:00,34.76,33.82,35.06,33.35,5128.24116508,791
,2019-02-27 00:00:00+00:00,33.86,33.94,34.22,32.2,5432.08884115,805
,2019-02-28 00:00:00+00:00,33.87,34.4,34.85,33.85,4875.27729527,873
,2019-03-01 00:00:00+00:00,34.44,35.76,36.85,34.33,5639.5825285,793
,2019-03-02 00:00:00+00:00,35.86,36.82,37.25,35.5,3701.36702554,675
,2019-03-03 00:00:00+00:00,36.83,36.08,37.04,35.72,5712.72103547,585
,2019-03-04 00:00:00+00:00,36.16,34.77,36.38,34.02,4775.19022544,803
,2019-03-05 00:00:00+00:00,34.86,39.76,41.0,34.54,15862.20214319,1618
,2019-03-06 00:00:00+00:00,39.85,42.0,42.9,38.95,14042.79400792,1557
,2019-03-07 00:00:00+00:00,42.13,43.15,44.81,41.12,13991.97105819,1623
,2019-03-08 00:00:00+00:00,43.15,42.59,43.85,41.58,7505.11051924,1099
,2019-03-09 00:00:00+00:00,42.56,44.24,45.35,42.5,8499.19553364,1392
,2019-03-10 00:00:00+00:00,44.27,43.64,44.57,43.12,2761.04529712,703
,2019-03-11 00:00:00+00:00,43.47,41.36,44.0,41.21,7078.1947595,899
,2019-03-12 00:00:00+00:00,41.28,43.19,43.43,39.58,7713.33391649,1031
,2019-03-13 00:00:00+00:00,43.19,41.65,43.19,41.35,7092.39562341,579
,2019-03-14 00:00:00+00:00,41.79,42.07,43.88,40.49,7316.12321732,780
,2019-03-15 00:00:00+00:00,42.14,43.8,44.15,42.11,5713.29536342,953
,2019-03-16 00:00:00+00:00,43.82,45.59,46.0,43.56,5463.34977462,1177
,2019-03-17 00:00:00+00:00,45.6,45.42,45.91,44.73,2644.42963198,628
,2019-03-18 00:00:00+00:00,45.56,44.81,46.81,43.95,5597.6796913,711
,2019-03-19 00:00:00+00:00,44.8,44.88,45.41,44.08,2748.49628554,525
,2019-03-20 00:00:00+00:00,44.73,45.62,45.88,43.35,4152.78551415,723
,2019-03-21 00:00:00+00:00,45.54,44.72,45.8,43.78,4699.31100758,718
,2019-03-22 00:00:00+00:00,44.59,45.0,45.25,44.24,2772.26929847,572
,2019-03-23 00:00:00+00:00,44.9,45.7,45.95,44.78,2896.65302363,1120
,2019-03-24 00:00:00+00:00,45.7,45.16,45.7,44.77,1739.69551507,547
,2019-03-25 00:00:00+00:00,45.18,44.52,45.61,44.1,4136.66433531,613
,2019-03-26 00:00:00+00:00,44.6,44.2,44.88,43.46,5593.33825767,576
,2019-03-27 00:00:00+00:00,44.39,46.58,46.86,44.33,5924.01229662,747
,2019-03-28 00:00:00+00:00,46.59,46.16,46.59,45.68,3138.51893655,602
,2019-03-29 00:00:00+00:00,46.22,47.08,47.19,45.81,4877.26545345,777
,2019-03-30 00:00:00+00:00,46.96,46.52,47.13,46.18,2167.8065227,706
,2019-03-31 00:00:00+00:00,46.52,46.55,46.8,46.18,1562.10904101,554
,2019-04-01 00:00:00+00:00,46.49,46.4,46.8,45.78,4888.24212476,684
,2019-04-02 00:00:00+00:00,46.37,59.09,60.21,46.1,28102.80779033,3504
,2019-04-03 00:00:00+00:00,59.2,64.6,75.95,55.9,47037.63184246,6991
,2019-04-04 00:00:00+00:00,64.58,64.59,68.68,61.06,19149.40154731,2810
,2019-04-05 00:00:00+00:00,65.02,67.97,69.41,64.54,8531.3555672,1390
,2019-04-06 00:00:00+00:00,67.96,71.61,74.9,65.2,10966.7190654,3318
,2019-04-07 00:00:00+00:00,71.57,70.81,72.99,69.2,7827.46038968,2651
,2019-04-08 00:00:00+00:00,70.5,68.7,72.3,66.56,8025.11524484,1475
,2019-04-09 00:00:00+00:00,68.62,66.67,68.7,64.54,4992.69366068,991
,2019-04-10 00:00:00+00:00,66.64,67.48,70.25,66.5,4929.5000005,868
,2019-04-11 00:00:00+00:00,67.77,61.24,67.85,57.53,15948.91049084,2717
,2019-04-12 00:00:00+00:00,60.62,60.33,62.12,58.08,5300.75341485,966
,2019-04-13 00:00:00+00:00,60.25,60.13,62.85,58.8,2470.20749236,927
,2019-04-14 00:00:00+00:00,59.94,64.3,64.36,58.75,2319.22466165,729
,2019-04-15 00:00:00+00:00,63.99,59.76,64.92,57.44,5990.66023764,1050
,2019-04-16 00:00:00+00:00,59.76,61.81,62.76,59.14,3605.32234473,754
,2019-04-17 00:00:00+00:00,61.99,60.9,62.75,60.31,3398.50280929,848
,2019-04-18 00:00:00+00:00,60.92,63.36,64.52,60.92,3347.15813624,807
,2019-04-19 00:00:00+00:00,63.12,63.85,64.33,62.02,3492.03531202,704
,2019-04-20 00:00:00+00:00,63.94,62.97,63.99,61.67,3209.23087496,702
,2019-04-21 00:00:00+00:00,62.97,59.67,63.12,57.74,4871.24858556,1247
,2019-04-22 00:00:00+00:00,59.69,59.5,60.39,58.35,3677.03642078,725
,2019-04-23 00:00:00+00:00,59.46,57.51,61.31,57.33,4521.31923769,1064
,2019-04-24 00:00:00+00:00,57.28,56.83,58.22,54.84,7311.51826956,1602
,2019-04-25 00:00:00+00:00,56.94,54.99,58.14,54.0,4618.89616993,960
,2019-04-26 00:00:00+00:00,55.01,55.48,56.87,53.86,3691.18132508,896
,2019-04-27 00:00:00+00:00,55.8,55.32,55.96,54.83,1668.11494593,698
,2019-04-28 00:00:00+00:00,55.52,52.58,55.71,51.81,5432.23138026,1267
,2019-04-29 00:00:00+00:00,52.5,51.35,53.48,50.25,5388.26152824,855
,2019-04-30 00:00:00+00:00,51.3,56.47,56.92,51.3,6110.31053418,1043
,2019-05-01 00:00:00+00:00,56.48,55.53,57.23,54.31,4269.98271481,797
,2019-05-02 00:00:00+00:00,55.54,55.45,56.14,54.77,2409.38182352,560
,2019-05-03 00:00:00+00:00,55.41,59.14,61.16,55.27,6615.22171419,1317
,2019-05-04 00:00:00+00:00,59.15,58.33,61.57,56.28,4984.7674165,928
,2019-05-05 00:00:00+00:00,58.68,56.96,58.68,56.8,2749.83554345,663
,2019-05-06 00:00:00+00:00,57.11,57.2,58.12,54.35,4765.81101392,834
,2019-05-07 00:00:00+00:00,57.24,56.23,59.3,56.0,5893.39922417,908
,2019-05-08 00:00:00+00:00,55.65,56.89,57.48,54.7,3096.35042571,747
,2019-05-09 00:00:00+00:00,56.9,56.93,57.95,55.51,5372.95825877,1029
,2019-05-10 00:00:00+00:00,56.93,59.18,60.46,55.73,6263.82265244,1371
,2019-05-11 00:00:00+00:00,59.29,67.72,73.7,58.56,23843.40672193,4840
,2019-05-12 00:00:00+00:00,67.7,65.38,72.41,63.64,15250.81754447,2351
,2019-05-13 00:00:00+00:00,65.29,68.07,72.0,64.84,13080.67836055,2068
,2019-05-14 00:00:00+00:00,67.8,70.66,72.91,67.0,13120.86755763,2179
,2019-05-15 00:00:00+00:00,71.24,79.74,81.42,69.87,22259.86596406,3339
,2019-05-16 00:00:00+00:00,79.66,74.99,83.72,71.21,22030.51061544,3042
,2019-05-17 00:00:00+00:00,74.96,71.08,76.48,65.71,13013.8797184,2332
,2019-05-18 00:00:00+00:00,71.08,68.63,71.1,66.66,4194.65348118,1759
,2019-05-19 00:00:00+00:00,68.85,75.01,76.53,68.08,12745.56039582,2315
,2019-05-20 00:00:00+00:00,75.01,71.88,75.01,69.0,6640.22809278,1163
,2019-05-21 00:00:00+00:00,72.19,72.0,73.29,70.37,6492.5520063,1008
,2019-05-22 00:00:00+00:00,71.88,69.64,72.91,68.01,9241.82424366,1062
,2019-05-23 00:00:00+00:00,69.52,70.44,71.05,67.2,6368.99675546,1199
,2019-05-24 00:00:00+00:00,70.23,78.79,81.55,69.8,19454.91145632,3047
,2019-05-25 00:00:00+00:00,79.32,80.79,82.01,78.01,7503.37248994,2140
,2019-05-26 00:00:00+00:00,81.15,88.53,89.45,78.37,17398.05162848,3770
,2019-05-27 00:00:00+00:00,88.1,92.37,96.71,87.33,23563.8136273,4567
,2019-05-28 00:00:00+00:00,91.93,90.82,93.38,88.0,10995.28802971,2310
,2019-05-29 00:00:00+00:00,91.09,91.31,94.0,86.14,14173.21812167,2598
,2019-05-30 00:00:00+00:00,91.45,86.07,95.97,81.0,22823.67660027,4651
,2019-05-31 00:00:00+00:00,86.03,91.0,91.0,83.08,11514.2566285,2731
,2019-06-01 00:00:00+00:00,90.99,90.17,91.67,88.53,6248.30562923,1577
,2019-06-02 00:00:00+00:00,89.88,91.13,93.0,89.03,5166.50956829,1513
,2019-06-03 00:00:00+00:00,91.05,84.01,91.91,83.1,8558.25568061,1376
,2019-06-04 00:00:00+00:00,83.5,80.0,84.99,75.01,14828.76906864,2722
,2019-06-05 00:00:00+00:00,79.99,82.3,83.27,79.3,4400.78353419,1161
,2019-06-06 00:00:00+00:00,82.05,87.63,89.62,79.92,5409.38755406,1311
,2019-06-07 00:00:00+00:00,87.9,92.5,95.0,86.41,14244.36035762,2604
,2019-06-08 00:00:00+00:00,92.5,93.19,94.8,89.72,6268.84308608,1373
,2019-06-09 00:00:00+00:00,93.3,91.0,94.11,89.0,6007.10966908,1300
,2019-06-10 00:00:00+00:00,90.25,101.95,102.65,89.05,18617.01572782,2945
,2019-06-11 00:00:00+00:00,102.25,107.34,110.0,98.74,22838.75811761,3962
,2019-06-12 00:00:00+00:00,107.57,107.68,113.55,103.0,21919.69784508,3592
,2019-06-13 00:00:00+00:00,107.43,103.51,108.48,101.02,13571.99674717,2932
,2019-06-14 00:00:00+00:00,103.6,105.27,108.0,99.84,12012.10179237,2874
,2019-06-15 00:00:00+00:00,105.74,109.98,111.41,105.74,10097.37009683,3529
,2019-06-16 00:00:00+00:00,109.65,109.05,110.29,105.18,6939.63983024,3537
,2019-06-17 00:00:00+00:00,108.84,107.32,109.19,105.8,6323.75840974,1901
,2019-06-18 00:00:00+00:00,107.25,107.91,110.26,103.12,10397.53576431,1835
,2019-06-19 00:00:00+00:00,107.99,107.62,111.79,106.62,8931.83472587,1777
,2019-06-20 00:00:00+00:00,108.22,107.41,108.62,105.41,9653.47232213,1593
,2019-06-21 00:00:00+00:00,107.41,109.35,112.09,107.16,10999.6923199,2519
,2019-06-22 00:00:00+00:00,109.34,111.23,117.49,108.0,16974.38450654,4358
,2019-06-23 00:00:00+00:00,110.78,107.37,111.7,106.51,8118.36930992,1699
,2019-06-24 00:00:00+00:00,107.19,106.75,107.61,103.42,7153.23958489,2167
,2019-06-25 00:00:00+00:00,106.09,106.9,109.0,101.92,10540.46972209,2087
,2019-06-26 00:00:00+00:00,106.9,103.03,109.96,97.51,21028.24320227,4743
,2019-06-27 00:00:00+00:00,103.09,90.3,104.45,85.16,26054.92933495,5788
,2019-06-28 00:00:00+00:00,89.99,94.1,96.15,89.12,9682.55210785,2337
,2019-06-29 00:00:00+00:00,94.53,105.22,107.0,90.42,14273.69597901,2745
,2019-06-30 00:00:00+00:00,105.12,96.95,108.0,94.12,12948.56709856,2325
,2019-07-01 00:00:00+00:00,96.92,97.05,99.28,89.72,11144.16117348,1939
,2019-07-02 00:00:00+00:00,97.41,93.7,97.83,88.41,8663.03619969,1742
,2019-07-03 00:00:00+00:00,94.17,97.0,98.06,93.38,5338.86427242,1250
,2019-07-04 00:00:00+00:00,96.97,95.6,101.98,94.44,6758.35929483,1291
,2019-07-05 00:00:00+00:00,95.36,94.8,96.52,93.41,3033.74671598,866
,2019-07-06 00:00:00+00:00,95.36,94.22,97.58,93.76,2508.24916177,710
,2019-07-07 00:00:00+00:00,94.01,96.39,96.79,93.47,2392.17895325,785
,2019-07-08 00:00:00+00:00,96.32,98.57,100.45,94.74,4976.06020817,1084
,2019-07-09 00:00:00+00:00,98.53,95.56,99.22,94.5,5570.45488766,1239
,2019-07-10 00:00:00+00:00,95.98,87.18,97.0,81.78,12944.0088829,2943
,2019-07-11 00:00:00+00:00,87.19,82.18,87.19,75.92,15739.73046193,2867
,2019-07-12 00:00:00+00:00,81.95,83.98,86.52,80.92,5145.12791382,1215
,2019-07-13 00:00:00+00:00,83.99,81.05,83.99,77.47,5142.3797005,1009
,2019-07-14 00:00:00+00:00,80.85,71.0,80.99,70.45,12092.82147632,2303
,2019-07-15 00:00:00+00:00,73.28,72.57,74.99,67.68,10445.59612354,2176
,2019-07-16 00:00:00+00:00,72.57,64.54,74.24,61.48,16960.68449212,2884
,2019-07-17 00:00:00+00:00,65.2,72.31,76.0,62.4,17336.76640632,2388
,2019-07-18 00:00:00+00:00,72.8,80.55,84.36,70.3,21118.06131992,1848
,2019-07-19 00:00:00+00:00,80.99,78.93,80.99,76.29,4390.74673479,955
,2019-07-20 00:00:00+00:00,78.72,79.99,84.5,78.2,6283.90934685,1116
,2019-07-21 00:00:00+00:00,80.37,80.04,81.85,77.2,4464.00669634,737
,2019-07-22 00:00:00+00:00,80.36,76.53,80.48,72.81,6451.5552931,1015
,2019-07-23 00:00:00+00:00,76.62,72.78,76.62,70.94,5812.2711673,1000
,2019-07-24 00:00:00+00:00,72.0,75.84,77.7,70.02,5997.29549211,912
,2019-07-25 00:00:00+00:00,75.66,75.13,77.57,74.0,4991.08083392,844
,2019-07-26 00:00:00+00:00,74.77,76.39,76.51,72.64,3003.74865007,770
,2019-07-27 00:00:00+00:00,75.94,71.84,76.98,70.5,5361.23266249,1077
,2019-07-28 00:00:00+00:00,72.08,72.95,73.55,67.86,4510.5871645,791
,2019-07-29 00:00:00+00:00,72.95,74.18,74.73,71.09,5082.56173235,770
,2019-07-30 00:00:00+00:00,73.91,74.35,76.27,72.79,5361.92560521,1029
,2019-07-31 00:00:00+00:00,74.3,81.41,82.0,74.02,9000.90181146,1447
,2019-08-01 00:00:00+00:00,81.54,81.6,82.98,78.82,6848.65139695,1171
,2019-08-02 00:00:00+00:00,81.35,78.2,82.69,76.29,6095.92387036,1140
,2019-08-03 00:00:00+00:00,77.88,77.15,79.49,76.75,3091.89787584,829
,2019-08-04 00:00:00+00:00,77.65,76.37,77.97,74.59,3584.03622038,823
,2019-08-05 00:00:00+00:00,76.51,79.4,88.67,76.37,16316.4022114,2190
,2019-08-06 00:00:00+00:00,79.22,76.66,81.22,74.54,6697.10107882,1259
,2019-08-07 00:00:00+00:00,75.88,74.0,77.5,71.46,6426.08198407,1107
,2019-08-08 00:00:00+00:00,74.21,73.87,75.6,72.3,4625.45876164,925
,2019-08-09 00:00:00+00:00,74.09,69.8,74.24,68.17,7213.26108399,1414
,2019-08-10 00:00:00+00:00,69.99,70.69,72.63,68.09,4570.03618868,1051
,2019-08-11 00:00:00+00:00,70.74,75.0,75.76,70.74,4513.50516983,1006
,2019-08-12 00:00:00+00:00,74.51,70.91,74.77,70.59,5120.12501097,867
,2019-08-13 00:00:00+00:00,71.11,70.01,71.8,68.74,7086.97098973,885
,2019-08-14 00:00:00+00:00,70.24,62.9,71.21,62.06,13449.64626146,1879
,2019-08-15 00:00:00+00:00,62.98,63.05,64.19,58.9,16283.47591889,2028
,2019-08-16 00:00:00+00:00,63.21,61.63,63.3,59.64,9019.01768268,989
,2019-08-17 00:00:00+00:00,61.72,60.04,61.76,59.16,4533.14765152,828
,2019-08-18 00:00:00+00:00,59.92,62.84,64.35,59.12,6918.8159387,925
,2019-08-19 00:00:00+00:00,62.84,63.84,65.0,62.08,9240.30298415,899
,2019-08-20 00:00:00+00:00,63.68,61.61,63.79,60.77,6339.63998084,648
,2019-08-21 00:00:00+00:00,61.74,60.22,61.97,57.88,7513.89213212,974
,2019-08-22 00:00:00+00:00,60.64,60.17,61.48,58.75,5230.35191781,757
,2019-08-23 00:00:00+00:00,60.0,61.64,62.66,59.5,4643.7401425,689
,2019-08-24 00:00:00+00:00,61.45,59.97,61.45,58.27,3621.52832529,628
,2019-08-25 00:00:00+00:00,59.81,58.94,60.98,57.77,3320.96797621,525
,2019-08-26 00:00:00+00:00,59.0,60.17,61.69,58.8,2624.11634599,549
,2019-08-27 00:00:00+00:00,60.17,59.34,60.18,58.63,3906.57742987,556
,2019-08-28 00:00:00+00:00,58.92,54.62,59.62,50.2,12938.27975098,1560
,2019-08-29 00:00:00+00:00,54.81,52.24,54.81,50.63,7989.24265303,1202
,2019-08-30 00:00:00+00:00,52.22,52.94,54.23,51.06,6992.68181725,1123
,2019-08-31 00:00:00+00:00,53.0,53.01,53.67,51.37,6650.54952697,970
,2019-09-01 00:00:00+00:00,52.99,54.63,55.4,52.8,4763.63919246,751
,2019-09-02 00:00:00+00:00,54.39,55.67,56.5,53.74,8898.54212493,1147
,2019-09-03 00:00:00+00:00,55.66,57.25,58.69,55.5,6356.09917004,1020
,2019-09-04 00:00:00+00:00,56.88,54.92,57.22,54.44,3641.09093406,676
,2019-09-05 00:00:00+00:00,54.85,53.27,55.21,52.29,6218.21677151,606
,2019-09-06 00:00:00+00:00,53.27,52.92,55.46,52.3,6072.54382486,684
,2019-09-07 00:00:00+00:00,52.79,56.23,57.98,52.71,3610.77155675,626
,2019-09-08 00:00:00+00:00,56.23,57.14,58.88,55.46,4817.06098331,773
,2019-09-09 00:00:00+00:00,57.36,57.04,57.85,55.36,3672.14852406,600
,2019-09-10 00:00:00+00:00,56.97,57.31,59.36,56.42,4538.56567138,662
,2019-09-11 00:00:00+00:00,57.49,56.5,57.8,55.4,2550.77561932,485
,2019-09-12 00:00:00+00:00,56.74,56.07,56.87,55.5,2236.00561295,538
,2019-09-13 00:00:00+00:00,56.18,55.3,56.51,54.02,3496.97079789,581
,2019-09-14 00:00:00+00:00,55.21,56.45,57.31,54.62,2139.21151866,443
,2019-09-15 00:00:00+00:00,56.41,56.05,56.99,55.47,1619.53979566,428
,2019-09-16 00:00:00+00:00,56.32,58.44,59.99,56.01,5060.7356462,841
,2019-09-17 00:00:00+00:00,58.46,59.18,62.79,58.1,5283.11660921,1055
,2019-09-18 00:00:00+00:00,59.43,62.34,64.19,59.39,4370.74684747,931
,2019-09-19 00:00:00+00:00,62.26,61.69,62.26,58.23,7199.41498313,917
,2019-09-20 00:00:00+00:00,61.16,60.55,61.42,58.21,4320.01991363,683
,2019-09-21 00:00:00+00:00,60.48,58.9,60.54,58.0,1959.75884956,487
,2019-09-22 00:00:00+00:00,58.82,58.27,58.9,57.0,3216.70658604,527
,2019-09-23 00:00:00+00:00,58.27,53.46,59.63,49.52,8486.92797564,1241
,2019-09-24 00:00:00+00:00,53.43,45.7,54.34,43.0,29486.99155943,3843
,2019-09-25 00:00:00+00:00,45.3,46.73,47.44,43.0,20177.6476811,2393
,2019-09-26 00:00:00+00:00,46.56,44.87,46.89,40.19,11467.31245581,1483
,2019-09-27 00:00:00+00:00,44.78,45.63,46.36,42.9,4580.42395327,1010
,2019-09-28 00:00:00+00:00,45.75,45.22,45.99,43.91,5036.06935959,691
,2019-09-29 00:00:00+00:00,45.31,43.89,45.35,42.71,7819.42086143,711
,2019-09-30 00:00:00+00:00,44.04,45.73,45.9,43.0,6359.30266849,940
,2019-10-01 00:00:00+00:00,45.7,45.43,47.49,44.8,6483.43284803,908
,2019-10-02 00:00:00+00:00,45.57,45.92,46.4,45.03,2079.50437491,602
,2019-10-03 00:00:00+00:00,45.79,45.81,46.33,43.11,3660.90596583,548
,2019-10-04 00:00:00+00:00,45.53,45.95,46.78,45.0,2776.35371751,613
,2019-10-05 00:00:00+00:00,45.83,46.01,46.65,45.11,2241.08594841,434
,2019-10-06 00:00:00+00:00,46.11,44.2,46.17,43.5,4230.6326349,547
,2019-10-07 00:00:00+00:00,44.16,47.02,47.79,43.07,4394.48485934,639
,2019-10-08 00:00:00+00:00,47.2,46.82,47.55,46.33,2280.83667937,511
,2019-10-09 00:00:00+00:00,46.77,48.56,49.12,46.31,5117.23849662,646
,2019-10-10 00:00:00+00:00,48.73,46.36,48.82,46.07,3285.44994462,571
,2019-10-11 00:00:00+00:00,46.45,44.14,47.05,43.98,12627.74664979,761
,2019-10-12 00:00:00+00:00,44.47,44.25,44.89,44.03,1907.80976098,409
,2019-10-13 00:00:00+00:00,44.19,44.86,45.72,44.1,3139.90287233,477
,2019-10-14 00:00:00+00:00,44.72,45.31,45.58,44.69,2271.18142429,371
,2019-10-15 00:00:00+00:00,45.33,42.8,45.69,42.4,6387.91494603,706
,2019-10-16 00:00:00+00:00,42.75,41.05,43.41,40.05,5014.45344248,748
,2019-10-17 00:00:00+00:00,41.06,42.75,42.98,40.3,2100.57317811,490
,2019-10-18 00:00:00+00:00,42.82,41.2,42.83,40.6,3924.21802109,644
,2019-10-19 00:00:00+00:00,41.26,41.68,42.28,40.65,2981.00357161,419
,2019-10-20 00:00:00+00:00,41.67,42.6,42.96,40.88,3304.56701128,433
,2019-10-21 00:00:00+00:00,42.55,42.2,43.02,41.5,2358.28789577,445
,2019-10-22 00:00:00+00:00,42.26,41.52,42.58,41.3,2044.01295912,381
,2019-10-23 00:00:00+00:00,41.53,38.35,41.69,37.05,13195.86560368,1545
,2019-10-24 00:00:00+00:00,38.35,38.67,39.31,37.5,5633.10093843,801
,2019-10-25 00:00:00+00:00,38.83,44.48,45.9,38.2,8932.64699535,1134
,2019-10-26 00:00:00+00:00,44.5,44.5,49.86,42.45,10725.72564023,1305
,2019-10-27 00:00:00+00:00,44.5,46.9,48.98,43.55,6697.61450516,1051
,2019-10-28 00:00:00+00:00,47.01,45.18,48.7,44.72,8191.05117955,842
,2019-10-29 00:00:00+00:00,45.61,46.68,47.3,45.13,7040.77574988,692
,2019-10-30 00:00:00+00:00,46.62,45.11,47.5,44.4,2925.45068449,538
,2019-10-31 00:00:00+00:00,45.1,45.27,46.0,44.15,2970.11205079,476
,2019-11-01 00:00:00+00:00,45.2,45.18,45.6,44.0,3308.44446633,614
,2019-11-02 00:00:00+00:00,45.1,45.02,45.97,44.74,2043.08814008,455
,2019-11-03 00:00:00+00:00,45.19,45.2,45.5,44.27,1832.83685597,419
,2019-11-04 00:00:00+00:00,45.31,47.62,48.69,44.89,4188.28717577,790
,2019-11-05 00:00:00+00:00,47.72,49.0,49.9,47.37,4528.04836776,798
,2019-11-06 00:00:00+00:00,49.12,49.88,50.0,48.55,3555.47414258,627
,2019-11-07 00:00:00+00:00,49.98,47.97,50.26,47.14,3130.95129191,511
,2019-11-08 00:00:00+00:00,47.98,47.12,48.77,46.0,5874.58379934,847
,2019-11-09 00:00:00+00:00,47.11,48.53,48.77,46.63,3104.39535911,465
,2019-11-10 00:00:00+00:00,48.57,49.94,51.9,47.75,9136.69619256,881
,2019-11-11 00:00:00+00:00,49.83,47.96,50.61,47.35,2726.25637374,481
,2019-11-12 00:00:00+00:00,48.03,47.66,48.33,46.59,4031.92947452,458
,2019-11-13 00:00:00+00:00,47.72,47.51,48.16,47.0,2604.78387318,400
,2019-11-14 00:00:00+00:00,47.53,45.8,47.53,45.54,3248.58844909,448
,2019-11-15 00:00:00+00:00,45.82,44.62,47.06,43.88,4971.25709188,549
,2019-11-16 00:00:00+00:00,44.67,45.3,45.91,44.36,3148.6969329,359
,2019-11-17 00:00:00+00:00,45.26,45.94,46.48,44.84,1959.00384419,332
,2019-11-18 00:00:00+00:00,45.77,43.17,45.97,41.32,6080.27870352,729
,2019-11-19 00:00:00+00:00,43.23,42.7,43.44,42.0,2443.16328768,459
,2019-11-20 00:00:00+00:00,42.49,42.48,43.6,42.26,2850.279714,373
,2019-11-21 00:00:00+00:00,42.45,39.32,42.66,37.3,18275.93856301,1436
,2019-11-22 00:00:00+00:00,39.17,37.17,40.25,33.77,18615.41022699,1729
,2019-11-23 00:00:00+00:00,37.03,37.66,38.12,36.21,2937.28816228,552
,2019-11-24 00:00:00+00:00,37.59,34.39,37.75,34.07,6132.05635519,729
,2019-11-25 00:00:00+00:00,34.35,35.55,36.89,32.87,55040.57613244,2876
,2019-11-26 00:00:00+00:00,35.46,36.51,37.05,35.27,2109.89365132,514
,2019-11-27 00:00:00+00:00,36.54,37.17,37.78,34.89,4980.1217523,627
,2019-11-28 00:00:00+00:00,37.03,36.44,37.4,36.0,4581.99620461,486
,2019-11-29 00:00:00+00:00,36.44,37.71,38.35,36.37,6104.57108968,757
,2019-11-30 00:00:00+00:00,37.61,36.59,37.92,36.27,1855.40681354,462
,2019-12-01 00:00:00+00:00,36.67,36.86,37.5,35.35,1538.1081636,443
,2019-12-02 00:00:00+00:00,36.95,35.31,36.98,34.77,2703.81255354,610
,2019-12-03 00:00:00+00:00,35.27,34.44,35.76,34.31,2588.78426139,558
,2019-12-04 00:00:00+00:00,34.59,34.17,35.89,33.79,5488.0014782,615
,2019-12-05 00:00:00+00:00,34.1,34.08,34.53,33.45,3099.33230975,419
,2019-12-06 00:00:00+00:00,34.02,34.55,34.86,33.61,1549.96440352,450
,2019-12-07 00:00:00+00:00,34.61,34.43,35.42,34.23,3612.2367075,377
,2019-12-08 00:00:00+00:00,34.37,34.76,35.32,34.13,1730.41425889,312
,2019-12-09 00:00:00+00:00,34.78,33.86,34.93,33.65,4082.28568341,433
,2019-12-10 00:00:00+00:00,33.81,33.65,33.94,33.1,3734.64215998,468
,2019-12-11 00:00:00+00:00,33.62,33.13,33.99,32.85,1519.89731459,391
,2019-12-12 00:00:00+00:00,33.07,32.47,33.54,32.26,3329.26779336,469
,2019-12-13 00:00:00+00:00,32.51,33.25,33.43,32.34,3107.83972188,435
,2019-12-14 00:00:00+00:00,33.36,32.55,33.46,32.43,1542.14625885,317
,2019-12-15 00:00:00+00:00,32.52,32.63,32.92,32.24,1561.42328562,302
,2019-12-16 00:00:00+00:00,32.53,30.27,32.67,29.29,6828.22239701,960
,2019-12-17 00:00:00+00:00,30.17,28.4,30.47,27.63,12456.10761505,1548
,2019-12-18 00:00:00+00:00,28.18,31.29,32.67,27.71,23632.87652605,1655
,2019-12-19 00:00:00+00:00,31.88,30.63,31.97,29.92,3368.36463915,537
,2019-12-20 00:00:00+00:00,30.61,31.04,31.14,30.21,5315.55607206,537
,2019-12-21 00:00:00+00:00,31.03,30.66,31.09,30.42,2574.74650283,391
,2019-12-22 00:00:00+00:00,30.64,32.35,32.53,30.47,4933.16970642,590
,2019-12-23 00:00:00+00:00,32.25,31.51,33.14,31.2,4712.04751804,634
,2019-12-24 00:00:00+00:00,31.47,31.19,31.78,30.67,2400.59673743,450
,2019-12-25 00:00:00+00:00,31.29,31.06,31.5,30.46,1725.34680561,255
,2019-12-26 00:00:00+00:00,30.95,30.9,32.04,30.59,4283.66810225,377
,2019-12-27 00:00:00+00:00,30.85,31.36,31.5,30.32,4391.27488153,443
,2019-12-28 00:00:00+00:00,31.35,32.69,33.25,31.27,8293.07702715,561
,2019-12-29 00:00:00+00:00,32.7,33.01,33.33,32.27,2952.66026015,415
,2019-12-30 00:00:00+00:00,32.86,32.37,33.64,31.87,3530.98256529,415
,2019-12-31 00:00:00+00:00,32.19,31.22,32.57,30.88,2989.01366336,415
,2020-01-01 00:00:00+00:00,31.14,31.49,31.78,31.06,2388.98782434,286
,2020-01-02 00:00:00+00:00,31.3,30.0,31.51,29.79,3308.1623526,468
,2020-01-03 00:00:00+00:00,29.91,32.14,32.32,29.57,5106.23109323,583
,2020-01-04 00:00:00+00:00,32.12,32.7,32.97,31.93,3474.20858702,431
,2020-01-05 00:00:00+00:00,32.7,33.15,34.08,32.67,3831.41449726,405
,2020-01-06 00:00:00+00:00,33.06,34.83,35.02,33.04,4228.56898476,623
,2020-01-07 00:00:00+00:00,34.81,35.54,35.83,33.92,10014.57989734,854
,2020-01-08 00:00:00+00:00,35.43,34.66,37.1,33.78,8544.45067677,885
,2020-01-09 00:00:00+00:00,34.69,34.47,34.91,33.6,3317.43240812,451
,2020-01-10 00:00:00+00:00,34.32,37.64,38.0,33.61,10835.57046585,990
,2020-01-11 00:00:00+00:00,37.5,37.96,39.84,36.76,6659.771296,855
,2020-01-12 00:00:00+00:00,37.72,39.48,39.48,37.5,5329.18277531,528
,2020-01-13 00:00:00+00:00,39.5,38.27,39.5,37.72,5162.45120632,618
,2020-01-14 00:00:00+00:00,38.3,45.16,47.17,38.29,31150.93970035,2052
,2020-01-15 00:00:00+00:00,44.95,44.55,46.5,42.65,10051.23194118,1030
,2020-01-16 00:00:00+00:00,44.79,43.95,44.92,41.79,7931.75893901,853
,2020-01-17 00:00:00+00:00,44.12,46.91,48.49,43.5,11956.41983997,1304
,2020-01-18 00:00:00+00:00,46.69,45.34,47.98,44.56,9219.57400056,854
,2020-01-19 00:00:00+00:00,45.55,44.55,47.76,42.55,12099.14462988,941
,2020-01-20 00:00:00+00:00,44.53,43.94,44.65,42.95,3550.89705277,569
,2020-01-21 00:00:00+00:00,43.93,44.08,44.5,42.76,3503.70013093,505
,2020-01-22 00:00:00+00:00,44.08,44.27,45.22,43.77,4246.13739206,472
,2020-01-23 00:00:00+00:00,44.33,41.3,44.34,39.8,11271.81545774,913
,2020-01-24 00:00:00+00:00,41.43,41.65,42.31,38.64,10565.01322069,892
,2020-01-25 00:00:00+00:00,41.42,40.8,41.66,40.16,3049.71031072,464
,2020-01-26 00:00:00+00:00,40.48,43.06,43.5,40.34,6784.28309699,591
,2020-01-27 00:00:00+00:00,43.09,44.7,45.62,42.63,10678.15932881,848
,2020-01-28 00:00:00+00:00,44.86,46.46,46.94,44.0,11488.34757818,922
,2020-01-29 00:00:00+00:00,46.56,45.99,47.63,45.7,5952.19727997,826
,2020-01-30 00:00:00+00:00,45.72,51.98,53.54,44.75,21901.2802134,1993
,2020-01-31 00:00:00+00:00,51.9,51.34,53.0,49.75,12716.45635471,1418
,2020-02-01 00:00:00+00:00,51.24,53.71,54.91,51.24,10670.56258147,1062
,2020-02-02 00:00:00+00:00,53.68,53.08,55.56,51.37,9279.87573282,988
,2020-02-03 00:00:00+00:00,53.08,53.65,55.36,52.58,7348.34863226,897
,2020-02-04 00:00:00+00:00,53.48,52.13,54.26,51.21,5896.33679287,861
,2020-02-05 00:00:00+00:00,52.23,55.91,56.44,52.03,13032.21714903,1278
,2020-02-06 00:00:00+00:00,55.91,57.07,57.92,54.62,10140.558841,1121
,2020-02-07 00:00:00+00:00,57.1,57.75,58.27,56.3,7829.92918266,946
,2020-02-08 00:00:00+00:00,57.69,59.55,60.52,55.6,10095.41511297,1127
,2020-02-09 00:00:00+00:00,59.47,59.89,61.0,58.44,6977.25682804,964
,2020-02-10 00:00:00+00:00,60.12,57.44,60.28,56.1,12883.21392178,1124
,2020-02-11 00:00:00+00:00,57.42,59.44,59.98,56.12,9402.88494007,979
,2020-02-12 00:00:00+00:00,59.53,62.94,64.0,59.4,15322.18858539,1658
,2020-02-13 00:00:00+00:00,63.05,61.77,65.5,59.55,10270.69652349,1402
,2020-02-14 00:00:00+00:00,61.98,63.93,64.49,60.5,5548.66121989,967
,2020-02-15 00:00:00+00:00,64.01,58.77,64.36,57.54,13399.37538755,1308
,2020-02-16 00:00:00+00:00,58.77,57.49,61.97,51.7,16030.80332499,1465
,2020-02-17 00:00:00+00:00,57.4,56.41,57.94,52.74,10927.98834253,1187
,2020-02-18 00:00:00+00:00,56.17,59.31,61.0,54.06,12580.86502478,1247
,2020-02-19 00:00:00+00:00,59.64,54.84,61.5,52.71,10013.88367062,1127
,2020-02-20 00:00:00+00:00,54.65,54.21,56.32,51.53,14043.84944096,1480
,2020-02-21 00:00:00+00:00,54.07,56.61,58.08,53.39,4620.7677122,2208
,2020-02-22 00:00:00+00:00,56.58,57.8,59.23,55.45,8216.00808874,2588
,2020-02-23 00:00:00+00:00,57.86,61.56,61.92,57.86,6565.50017289,1125
,2020-02-24 00:00:00+00:00,61.55,58.48,61.57,55.55,6550.62224638,1882
,2020-02-25 00:00:00+00:00,58.55,54.55,58.78,53.7,6233.02480081,3984
,2020-02-26 00:00:00+00:00,54.52,46.91,55.47,44.62,24686.6462011,9769
,2020-02-27 00:00:00+00:00,46.91,47.82,51.51,44.31,14374.33520505,4593
,2020-02-28 00:00:00+00:00,47.9,46.82,49.22,44.27,10992.52104938,7462
,2020-02-29 00:00:00+00:00,46.83,45.4,48.18,45.27,5672.94965773,2392
,2020-03-01 00:00:00+00:00,45.5,45.0,47.14,43.74,5356.2713305,2888
,2020-03-02 00:00:00+00:00,44.95,48.06,48.82,44.7,5700.39990663,2992
,2020-03-03 00:00:00+00:00,47.95,47.59,48.85,46.5,3689.30311963,2714
,2020-03-04 00:00:00+00:00,47.7,46.85,48.1,46.07,2951.7706819,1431
,2020-03-05 00:00:00+00:00,47.02,48.03,49.12,46.99,5565.69417305,2196
,2020-03-06 00:00:00+00:00,48.09,48.71,48.99,47.5,3388.93452793,1330
,2020-03-07 00:00:00+00:00,48.69,46.26,49.0,46.25,4089.75639662,1498
,2020-03-08 00:00:00+00:00,46.34,39.09,46.34,38.71,19046.87211454,4811
,2020-03-09 00:00:00+00:00,39.09,38.67,40.1,35.53,21613.25833175,8165
,2020-03-10 00:00:00+00:00,38.68,38.9,40.35,37.74,11966.11768905,3721
,2020-03-11 00:00:00+00:00,38.96,37.83,39.42,35.42,8715.49415447,4389
,2020-03-12 00:00:00+00:00,37.73,24.8,38.08,23.61,89400.58101493,21740
,2020-03-13 00:00:00+00:00,24.81,31.17,33.0,21.25,78737.50346251,25253
,2020-03-14 00:00:00+00:00,31.2,28.08,31.38,27.54,19250.25565303,4197
,2020-03-15 00:00:00+00:00,28.07,29.45,31.31,27.59,12877.69903376,5595
,2020-03-16 00:00:00+00:00,29.36,27.2,29.46,24.61,40028.16406369,12415
,2020-03-17 00:00:00+00:00,27.35,28.52,29.85,26.73,15727.52179052,3042
,2020-03-18 00:00:00+00:00,28.54,29.92,29.92,27.18,13507.96228889,3820
,2020-03-19 00:00:00+00:00,29.93,34.23,35.86,29.55,32313.74605081,6057
,2020-03-20 00:00:00+00:00,34.21,32.9,37.49,29.52,33594.55285504,4362
,2020-03-21 00:00:00+00:00,32.96,33.12,34.54,31.62,9112.30965834,1907
,2020-03-22 00:00:00+00:00,33.07,30.7,34.26,30.4,10323.09170635,3403
,2020-03-23 00:00:00+00:00,30.31,33.7,34.5,30.01,13197.75712425,4572
,2020-03-24 00:00:00+00:00,33.74,34.5,34.96,33.1,15192.09694373,2157
,2020-03-25 00:00:00+00:00,34.46,33.24,34.61,32.0,14482.78706231,1931
,2020-03-26 00:00:00+00:00,33.37,33.33,33.75,31.91,8684.72510311,1409
,2020-03-27 00:00:00+00:00,33.33,30.69,34.05,30.59,10897.70360694,1363
,2020-03-28 00:00:00+00:00,30.6,31.5,32.39,29.71,19524.52555793,2021
,2020-03-29 00:00:00+00:00,31.48,29.94,31.48,29.9,9519.35291465,1294
,2020-03-30 00:00:00+00:00,29.97,31.55,31.99,29.97,6426.44371951,1693
,2020-03-31 00:00:00+00:00,31.43,31.8,31.99,31.24,5558.19207704,1296
,2020-04-01 00:00:00+00:00,31.64,31.86,31.91,30.1,10090.64185025,1165
,2020-04-02 00:00:00+00:00,31.9,32.29,34.88,31.24,14742.22345694,1905
,2020-04-03 00:00:00+00:00,32.17,33.01,33.68,32.0,6819.71239169,956
,2020-04-04 00:00:00+00:00,32.99,33.18,33.5,32.6,4120.00863763,1291
,2020-04-05 00:00:00+00:00,33.22,33.09,33.4,32.62,2530.47796456,815
,2020-04-06 00:00:00+00:00,33.05,36.89,36.89,33.05,17231.45606372,2759
,2020-04-07 00:00:00+00:00,36.81,36.28,38.69,35.44,21625.03445098,2241
,2020-04-08 00:00:00+00:00,36.28,37.59,38.4,35.96,9275.50534442,2614
,2020-04-09 00:00:00+00:00,37.56,37.2,37.97,36.2,8561.01485701,1632
,2020-04-10 00:00:00+00:00,37.17,33.98,37.31,32.9,17239.42110733,2521
,2020-04-11 00:00:00+00:00,34.05,34.19,34.8,33.42,5246.3310769,1243
,2020-04-12 00:00:00+00:00,34.24,33.87,35.26,33.73,4848.40007954,1337
,2020-04-13 00:00:00+00:00,33.8,33.05,33.8,31.96,9856.75485669,2011
,2020-04-14 00:00:00+00:00,33.09,32.64,33.42,32.33,4256.69771134,1225
,2020-04-15 00:00:00+00:00,32.65,31.48,33.17,31.3,6079.98244447,1246
,2020-04-16 00:00:00+00:00,31.42,34.02,35.25,30.47,10899.31951503,2811
,2020-04-17 00:00:00+00:00,34.01,33.91,34.45,33.37,4123.25767091,969
,2020-04-18 00:00:00+00:00,33.88,35.32,35.86,33.62,10723.05969159,1261
,2020-04-19 00:00:00+00:00,35.41,33.97,35.43,33.45,8883.483863,1170
,2020-04-20 00:00:00+00:00,33.95,32.57,34.74,31.94,10472.29573413,1616
,2020-04-21 00:00:00+00:00,32.61,33.1,33.72,32.51,9542.25089212,1298
,2020-04-22 00:00:00+00:00,33.09,34.02,34.4,32.97,5249.96859762,654
,2020-04-23 00:00:00+00:00,33.99,34.76,35.45,33.24,11468.55788989,882
,2020-04-24 00:00:00+00:00,34.93,35.86,36.56,34.82,10303.1423446,837
,2020-04-25 00:00:00+00:00,35.81,36.05,36.86,35.6,6478.14653258,1009
,2020-04-26 00:00:00+00:00,35.99,36.22,36.74,35.58,7356.59576375,886
,2020-04-27 00:00:00+00:00,36.24,35.97,36.59,34.88,8984.55361566,1145
,2020-04-28 00:00:00+00:00,35.86,36.98,37.2,35.2,8804.52997357,934
,2020-04-29 00:00:00+00:00,36.98,39.26,40.43,36.72,29930.73464656,2151
,2020-04-30 00:00:00+00:00,39.25,37.07,40.91,36.35,29297.21692037,2693
,2020-05-01 00:00:00+00:00,37.1,37.77,38.67,36.77812,12783.70937212,1241
,2020-05-02 00:00:00+00:00,37.73,39.47,40.34506,28.5,11158.87338302,1310
,2020-05-03 00:00:00+00:00,39.53,38.66,39.99999,29.52012,10134.36133074,1406
,2020-05-04 00:00:00+00:00,38.74,37.8,38.82,36.45,10595.4053682,1413
,2020-05-05 00:00:00+00:00,37.88,37.44,38.71,36.89,8502.25966886,1096
,2020-05-06 00:00:00+00:00,37.5,36.72,38.67368,36.29,8139.4640678,1113
,2020-05-07 00:00:00+00:00,36.75,38.44,39.08,36.24,17091.41132197,1731
,2020-05-08 00:00:00+00:00,38.49,38.69,39.17157,37.62,10118.02064148,1363
,2020-05-09 00:00:00+00:00,38.48,37.98,39.58,37.92,11963.75505706,1174
,2020-05-10 00:00:00+00:00,37.92,34.08,37.92,32.39,39451.16154767,4553
,2020-05-11 00:00:00+00:00,33.93,33.8,35.0,32.0,24077.66995294,1961
,2020-05-12 00:00:00+00:00,33.82,34.42,35.36267,33.71,8025.37750499,961
,2020-05-13 00:00:00+00:00,34.39,35.41,35.94,33.79636,6844.84238743,826
,2020-05-14 00:00:00+00:00,35.5,35.94,36.46277,34.5,9705.76787571,947
,2020-05-15 00:00:00+00:00,35.94,35.21,36.06,34.72,11280.31179549,867
,2020-05-16 00:00:00+00:00,35.33,35.72,36.17,35.29,4639.90780993,486
,2020-05-17 00:00:00+00:00,35.72,36.04,36.75516,35.59,9319.15838807,707
,2020-05-18 00:00:00+00:00,36.19,37.2,38.84,35.82,9861.48322855,1801
,2020-05-19 00:00:00+00:00,37.16,37.44,37.44,36.23,6602.29681551,663
,2020-05-20 00:00:00+00:00,37.37,36.29,37.65998,35.33,17892.02887771,1438
,2020-05-21 00:00:00+00:00,36.23,34.98,36.62,34.1,12588.18342271,1367
,2020-05-22 00:00:00+00:00,35.05,36.43,36.77,34.52937,10689.55613399,1011
,2020-05-23 00:00:00+00:00,36.57,36.18,36.75,36.0,3626.65620079,627
,2020-05-24 00:00:00+00:00,36.18,34.6,36.99997,34.6,8883.76395299,575
,2020-05-25 00:00:00+00:00,34.54,35.32,35.66218,34.38,4806.34739301,541
,2020-05-26 00:00:00+00:00,35.37,34.31,35.37,33.8791,8465.03263296,637
,2020-05-27 00:00:00+00:00,34.35,35.83,36.11194,34.28,5886.87860437,550
,2020-05-28 00:00:00+00:00,35.82,36.29,36.48782,35.23,6165.81397875,579
,2020-05-29 00:00:00+00:00,36.4,36.11,36.67,35.61606,5297.30210197,622
,2020-05-30 00:00:00+00:00,36.07,38.54,38.82,34.84,12863.53897081,1032
,2020-05-31 00:00:00+00:00,38.54,37.18,38.6,36.44601,8600.69227813,598
,2020-06-01 00:00:00+00:00,36.85,38.51,39.2,36.85,7512.32481029,791
,2020-06-02 00:00:00+00:00,38.58,36.69,39.97224,35.4,28930.11188123,1709
,2020-06-03 00:00:00+00:00,36.64,37.5,37.77645,36.08,7557.7415354,703
,2020-06-04 00:00:00+00:00,37.61,37.69,38.42708,37.09,8606.73711132,647
,2020-06-05 00:00:00+00:00,37.71,37.21,38.2501,36.68,7617.13443535,600
,2020-06-06 00:00:00+00:00,37.01,37.04,37.45556,36.53,6228.07041828,487
,2020-06-07 00:00:00+00:00,36.95,36.72,37.14,35.76,9937.64419233,703
,2020-06-08 00:00:00+00:00,36.82,36.6,36.96,34.99827,4447.11420669,473
,2020-06-09 00:00:00+00:00,36.74,36.24,36.95448,35.54365,8953.36428683,609
,2020-06-10 00:00:00+00:00,36.17,36.71,38.028,35.85,4667.09778817,579
,2020-06-11 00:00:00+00:00,36.8,34.5,38.49958,33.39,19953.55023757,1684
,2020-06-12 00:00:00+00:00,34.34,35.73,36.31796,34.13,4878.03996811,565
,2020-06-13 00:00:00+00:00,35.73,36.07,36.1,35.4,2990.18649615,363
,2020-06-14 00:00:00+00:00,36.06,35.28,36.06,34.93,2414.11929442,334
,2020-06-15 00:00:00+00:00,35.08,34.7,35.29,33.58,7560.29579565,640
,2020-06-16 00:00:00+00:00,34.71,34.92,35.05847,34.39,4129.25333885,489
,2020-06-17 00:00:00+00:00,34.94,35.11,36.09224,34.45,6082.91118228,429
,2020-06-18 00:00:00+00:00,35.16,35.03,35.41946,34.57,3642.76261786,354
,2020-06-19 00:00:00+00:00,34.96,34.69,35.65871,34.54,5793.82370727,559
,2020-06-20 00:00:00+00:00,34.73,35.25,35.5,34.17,5055.13843595,400
,2020-06-21 00:00:00+00:00,35.27,34.84,35.44,34.68,3071.69516342,434
,2020-06-22 00:00:00+00:00,34.89,35.41,35.9441,32.79004,5625.88676149,463
,2020-06-23 00:00:00+00:00,35.55,35.28,35.7492,35.15574,5153.69036317,388
,2020-06-24 00:00:00+00:00,35.32,34.31,35.88288,33.97,9888.07432175,592
,2020-06-25 00:00:00+00:00,34.31,34.14,34.81,33.62,7122.57507978,443
,2020-06-26 00:00:00+00:00,34.1,34.98,35.36964,33.44,10642.39657561,848
,2020-06-27 00:00:00+00:00,34.91,33.47,35.05342,31.91,6752.01495897,845
,2020-06-28 00:00:00+00:00,33.24,33.56,34.15,32.89,3513.60096558,406
,2020-06-29 00:00:00+00:00,33.61,34.13,34.33,32.83691,9915.91619715,556
,2020-06-30 00:00:00+00:00,34.06,33.3,34.27,33.00483,4797.88588215,402
,2020-07-01 00:00:00+00:00,33.27,33.51,33.8,33.12,2658.68392701,346
,2020-07-02 00:00:00+00:00,33.61,32.97,34.3113,32.5,7943.08030903,519
,2020-07-03 00:00:00+00:00,32.99,33.11,33.59,32.8285,6679.73959094,363
,2020-07-04 00:00:00+00:00,33.07,33.78,33.89,33.03,4486.51802929,288
,2020-07-05 00:00:00+00:00,33.85,33.48,33.93,32.83,7059.3380982,463
,2020-07-06 00:00:00+00:00,33.44,35.3,35.4,33.34,17745.81846631,584
,2020-07-07 00:00:00+00:00,35.33,34.67,35.55,34.41,10723.8344132,463
,2020-07-08 00:00:00+00:00,34.66,35.98,36.3538,34.42,19304.29321023,785
,2020-07-09 00:00:00+00:00,35.9,35.28,36.38,34.7,14955.22295592,564
,2020-07-10 00:00:00+00:00,35.29,35.17,35.5,34.67,8919.39151748,404
,2020-07-11 00:00:00+00:00,35.18,35.45,35.74,34.9,6090.51283361,337
,2020-07-12 00:00:00+00:00,35.56,35.42,35.93,34.74,7737.24384421,350
,2020-07-13 00:00:00+00:00,35.57,35.05,36.18,34.07,15782.41633045,525
,2020-07-14 00:00:00+00:00,35.0,34.99,35.09,34.27,8367.6147964,385
,2020-07-15 00:00:00+00:00,35.01,34.52,35.08,34.05722,9475.75567251,395
,2020-07-16 00:00:00+00:00,34.52,33.54,34.64,32.73,12224.86897954,664
,2020-07-17 00:00:00+00:00,33.56,33.45,33.89,33.3,2986.45655121,284
,2020-07-18 00:00:00+00:00,33.49,33.82,34.16737,33.33,2210.16615891,286
,2020-07-19 00:00:00+00:00,33.98,33.95,34.15,33.43,1736.0643095,224
,2020-07-20 00:00:00+00:00,33.99,33.26,34.19,32.77,7003.20587929,522
,2020-07-21 00:00:00+00:00,33.32,34.45,34.8,33.32,3754.67467885,393
,2020-07-22 00:00:00+00:00,34.5,35.35,35.49,34.15,5276.47111937,398
,2020-07-23 00:00:00+00:00,35.41,35.45,35.97265,35.03,8542.6615579,600
,2020-07-24 00:00:00+00:00,35.44,34.68,35.5,34.25,4874.95035796,432
,2020-07-25 00:00:00+00:00,34.57,38.44,38.92,34.57,25504.05631708,1953
,2020-07-26 00:00:00+00:00,38.59,37.59,39.78,37.13515,11778.76203828,1125
,2020-07-27 00:00:00+00:00,37.64,41.43,43.46,36.59,44572.32628512,2644
,2020-07-28 00:00:00+00:00,41.74,43.29,44.76,39.74,28138.41842954,2190
,2020-07-29 00:00:00+00:00,43.33,42.65,44.13,42.32849,18346.43312955,1093
,2020-07-30 00:00:00+00:00,42.63,43.41,45.0,41.78,22406.72470328,1509
,2020-07-31 00:00:00+00:00,43.8,44.68,45.15,42.0,14115.86670152,943
,2020-08-01 00:00:00+00:00,44.66,47.27,49.98,44.13,20457.49712437,1648
,2020-08-02 00:00:00+00:00,47.41,43.53,66.0,40.42,28437.5180179,2030
,2020-08-03 00:00:00+00:00,43.33,44.92,46.10847,42.68,11802.29546625,887
,2020-08-04 00:00:00+00:00,45.02,44.24,45.62,43.00001,17054.39385858,785
,2020-08-05 00:00:00+00:00,44.13,44.9,45.69502,43.57,8243.76657218,784
,2020-08-06 00:00:00+00:00,44.87,45.89715,46.23,44.07,12346.63915483,768
,2020-08-07 00:00:00+00:00,44.98,43.83,46.7,41.33,14608.2718052,954
,2020-08-08 00:00:00+00:00,43.79,44.61,45.2,43.4,2692.14088092,471
,2020-08-09 00:00:00+00:00,44.83,43.5,45.00972,43.2,5694.75357155,576
,2020-08-10 00:00:00+00:00,43.41826,44.75,45.45,43.41826,12660.49181999,685
,2020-08-11 00:00:00+00:00,44.71,41.65,45.59,40.22,32707.44226688,1110
,2020-08-12 00:00:00+00:00,41.55,41.87,42.96,39.91,14245.85554361,998
,2020-08-13 00:00:00+00:00,41.8,43.74,43.96,39.76,25846.43488097,1480
,2020-08-14 00:00:00+00:00,43.91,43.48,44.43596,41.5326,13223.85446753,1105
,2020-08-15 00:00:00+00:00,43.71,46.04,46.65,43.12806,19695.56903137,1455
,2020-08-16 00:00:00+00:00,45.91,48.94,49.82,44.5,25844.29241399,1806
,2020-08-17 00:00:00+00:00,48.83,51.39,52.7,46.99,40422.91290759,5532
,2020-08-18 00:00:00+00:00,51.45,49.48,52.38,48.13,21366.34983315,3102
,2020-08-19 00:00:00+00:00,49.5,47.41,50.38,45.07,30864.20688048,2089
,2020-08-20 00:00:00+00:00,47.52,47.65,50.39987,46.76,17640.52133693,1132
,2020-08-21 00:00:00+00:00,47.63,45.34,48.33,45.07,19269.2611027,1252
,2020-08-22 00:00:00+00:00,45.31,46.22,46.28,44.31,12913.72062705,880
,2020-08-23 00:00:00+00:00,46.17,46.38,47.52944,44.5,8423.08961078,828
,2020-08-24 00:00:00+00:00,46.44,47.49,48.99999,45.11533,8768.5195176,864
,2020-08-25 00:00:00+00:00,47.6,44.63,47.71,43.25,11681.95849617,1152
,2020-08-26 00:00:00+00:00,44.41,44.16,45.13,43.54,5604.5028379,696
,2020-08-27 00:00:00+00:00,44.11,42.61,46.5,41.12,10613.96467484,962
,2020-08-28 00:00:00+00:00,42.57,43.09,43.87,42.12,8459.13561357,734
,2020-08-29 00:00:00+00:00,43.16,42.85,43.98,42.84,7156.60653005,576
,2020-08-30 00:00:00+00:00,42.87,47.07,47.14,42.87,12315.47694816,917
,2020-08-31 00:00:00+00:00,47.12,45.72,47.83,45.43,12249.55554999,1000
,2020-09-01 00:00:00+00:00,45.72,46.95,48.16,44.82,16402.3303762,1220
,2020-09-02 00:00:00+00:00,47.18,43.75,47.24276,42.61,14699.84677973,1367
,2020-09-03 00:00:00+00:00,43.64,39.26,44.8,34.55,20084.65301319,2390
,2020-09-04 00:00:00+00:00,36.12,38.05,39.95,35.21,27478.2102768,2412
,2020-09-05 00:00:00+00:00,38.09,36.04,45.0,25.38484,18607.76547843,1695
,2020-09-06 00:00:00+00:00,36.04,36.23,37.19,34.78697,24729.86276269,1407
,2020-09-07 00:00:00+00:00,36.21,37.12,37.4,34.42,24916.33190124,1452
,2020-09-08 00:00:00+00:00,37.14,36.58,37.53,35.51,15737.24769664,1006
,2020-09-09 00:00:00+00:00,36.57,36.85,37.73,35.96,17120.80609035,1099
,2020-09-10 00:00:00+00:00,36.92,38.12,38.39,36.92,17474.38209529,986
,2020-09-11 00:00:00+00:00,38.23,38.36,38.7,37.1,21006.17075531,1024
,2020-09-12 00:00:00+00:00,38.39,39.8,41.82376,37.89,8747.90825531,787
,2020-09-13 00:00:00+00:00,39.77,37.67,40.06808,37.05,19873.79238186,809
,2020-09-14 00:00:00+00:00,37.62,38.33,38.67,36.88,25412.58366798,1119
,2020-09-15 00:00:00+00:00,38.33,37.57,39.51979,37.42,19419.92712756,1021
,2020-09-16 00:00:00+00:00,37.54,36.88,37.76816,36.49,14327.6348861,793
,2020-09-17 00:00:00+00:00,36.88,37.68,38.4,36.88,11580.3433199,630
,2020-09-18 00:00:00+00:00,37.75,37.38,37.98584,36.87,4934.56159607,481
,2020-09-19 00:00:00+00:00,37.55,37.64,38.2,37.2,3775.04783527,369
,2020-09-20 00:00:00+00:00,37.49,36.47,37.72,35.64,7913.33409866,716
,2020-09-21 00:00:00+00:00,36.38,33.86,36.89,32.7,18244.99147141,1186
,2020-09-22 00:00:00+00:00,33.6,34.88,35.29781,33.4,11121.66977591,719
,2020-09-23 00:00:00+00:00,35.04,33.81,35.45405,33.26,9255.19935904,603
,2020-09-24 00:00:00+00:00,33.75,35.23,35.64,33.55,5321.46424407,493
,2020-09-25 00:00:00+00:00,35.25,36.09,38.20057,34.5,7652.39985259,495
,2020-09-26 00:00:00+00:00,36.18,36.23,36.64,35.6,3105.34777041,365
,2020-09-27 00:00:00+00:00,36.24,36.08,36.55,35.09,6744.30975759,447
,2020-09-28 00:00:00+00:00,36.21,35.2,36.9,34.91,18347.10574208,677
,2020-09-29 00:00:00+00:00,35.08,35.59,35.71636,34.93467,6758.05139921,420
,2020-09-30 00:00:00+00:00,35.53,35.91,36.33014,35.4,6801.94131157,476
,2020-10-01 00:00:00+00:00,35.96,35.86,37.63,35.2,30986.24845514,948
,2020-10-02 00:00:00+00:00,35.76,34.76,36.44,33.61,18816.66370159,907
,2020-10-03 00:00:00+00:00,34.75,35.33,35.70284,34.68,3424.96259687,422
,2020-10-04 00:00:00+00:00,35.1,36.23,36.51079,35.1,8995.90691161,661
,2020-10-05 00:00:00+00:00,36.23,35.72,36.41,35.06023,9957.26275824,571
,2020-10-06 00:00:00+00:00,35.82,35.75,37.3,35.00083,17145.39415186,777
,2020-10-07 00:00:00+00:00,35.66,36.06,37.45653,35.05295,11194.86045808,578
,2020-10-08 00:00:00+00:00,36.08,36.57,36.93921,35.26,5612.80530906,558
,2020-10-09 00:00:00+00:00,36.23,36.7,37.08,35.71217,2886.32069404,445
,2020-10-10 00:00:00+00:00,36.72,37.53,38.57,36.19002,8279.80376574,716
,2020-10-11 00:00:00+00:00,37.54,38.76,39.23,37.32502,7801.92869651,755
,2020-10-12 00:00:00+00:00,38.76,38.64,39.55877,37.93,11954.72042864,950
,2020-10-13 00:00:00+00:00,38.72,38.69,38.85988,37.66,3312.50110972,496
,2020-10-14 00:00:00+00:00,38.53,38.31,39.48,37.58842,3816.30363676,460
,2020-10-15 00:00:00+00:00,38.24,38.32,38.84859,37.93,4650.02707679,423
,2020-10-16 00:00:00+00:00,38.26,36.9,38.69,35.46,18500.50722375,939
,2020-10-17 00:00:00+00:00,36.79,36.43,37.0,35.96,3850.44014533,426
,2020-10-18 00:00:00+00:00,36.33,36.87,37.15,36.33,2839.39387996,345
,2020-10-19 00:00:00+00:00,36.88,37.11,37.3,36.27,2986.86140654,434
,2020-10-20 00:00:00+00:00,37.03,36.23,37.35,35.75622,6765.68424284,659
,2020-10-21 00:00:00+00:00,36.23,40.46,41.9,36.23,30321.92179857,2552
,2020-10-22 00:00:00+00:00,40.67,41.67,42.92,40.67,22632.66435641,2067
,2020-10-23 00:00:00+00:00,41.5,42.55,43.5,40.78,9983.29860834,1186
,2020-10-24 00:00:00+00:00,42.51,45.5,45.73,42.15,13949.24776464,1457
,2020-10-25 00:00:00+00:00,45.36,45.06,46.08,43.48845,10431.9392129,938
,2020-10-26 00:00:00+00:00,45.15,43.83,45.51,42.34,12625.64643992,1097
,2020-10-27 00:00:00+00:00,43.83,44.29,45.5,43.56,8198.52662686,878
,2020-10-28 00:00:00+00:00,44.71,43.09,46.6,42.00297,16963.90411144,1315
,2020-10-29 00:00:00+00:00,43.11,42.52,43.96203,41.38,9261.6600822,902
,2020-10-30 00:00:00+00:00,42.47,41.76,43.42919,40.58,9272.33571564,1012
,2020-10-31 00:00:00+00:00,41.76,43.23,44.0,41.58,12280.98470375,981
